,player,matches,catches,run_outs,bowled_wickets,contributions_per_match,fielding_score
1,MS Dhoni,265,158,52,0,0.792,80.0
2,KD Karthik,250,145,45,0,0.76,71.85
3,RA Jadeja,264,104,25,40,0.64,60.03
4,RV Uthappa,200,92,45,0,0.685,55.08
5,V Kohli,278,126,20,1,0.529,51.73
6,AB de Villiers,179,120,20,0,0.782,49.51
7,SV Samson,190,90,28,0,0.621,44.64
8,SK Raina,201,106,13,1,0.597,41.36
9,WP Saha,157,93,20,0,0.72,40.97
10,AR Patel,179,80,5,39,0.693,40.58
11,RG Sharma,278,101,11,5,0.421,39.89
12,KA Pollard,185,97,13,5,0.622,39.78
13,PA Patel,137,69,26,0,0.693,36.84
14,DJ Bravo,160,69,14,21,0.65,36.58
15,MK Pandey,170,89,13,0,0.6,35.66
16,NV Ojha,101,65,24,0,0.881,34.42
17,Rashid Khan,153,51,6,45,0.667,33.89
18,DA Miller,153,92,8,0,0.654,33.73
19,PP Chawla,192,37,10,50,0.505,33.35
20,S Dhawan,222,100,2,1,0.464,33.12
21,DA Warner,185,88,9,0,0.524,33.04
22,KL Rahul,155,83,11,0,0.606,32.61
23,RR Pant,138,90,7,0,0.703,32.52
24,JC Buttler,137,88,8,0,0.701,32.46
25,AM Rahane,202,85,9,1,0.47,32.41
26,SP Narine,201,29,6,57,0.458,30.73
27,B Kumar,206,33,9,46,0.427,30.24
28,Ishan Kishan,130,68,15,0,0.638,30.17
29,F du Plessis,151,86,5,0,0.603,30.1
30,Q de Kock,118,75,10,0,0.72,29.5
31,AT Rayudu,194,64,14,0,0.402,28.33
32,R Ashwin,219,44,9,29,0.374,28.32
33,SL Malinga,122,15,6,63,0.689,28.21
34,HH Pandya,160,68,7,7,0.512,27.78
35,AC Gilchrist,80,51,20,0,0.888,27.68
36,Harbhajan Singh,163,38,10,29,0.472,27.0
37,SA Yadav,175,77,2,0,0.451,25.52
38,SS Iyer,145,64,9,0,0.503,25.45
39,YS Chahal,185,31,5,38,0.4,24.76
40,GJ Maxwell,141,52,7,9,0.482,23.35
41,JM Sharma,69,59,8,0,0.971,23.28
42,SPD Smith,102,54,10,0,0.627,22.86
43,Mohammed Shami,132,22,10,31,0.477,22.57
44,SR Watson,145,38,9,16,0.434,22.3
45,JJ Bumrah,158,15,4,48,0.424,22.29
46,YK Pathan,164,41,10,10,0.372,21.92
47,R Vinay Kumar,105,32,13,13,0.552,21.75
48,UT Yadav,147,36,4,24,0.435,21.32
49,DJ Hooda,114,59,4,1,0.561,21.3
50,Mohammed Siraj,125,37,2,26,0.52,21.12
51,KH Pandya,158,49,2,14,0.411,21.1
52,RP Singh,82,27,8,25,0.732,21.1
53,TA Boult,124,33,3,28,0.516,21.06
54,CH Morris,81,36,4,22,0.765,20.68
55,KC Sangakkara,68,45,11,0,0.824,20.58
56,IK Pathan,102,28,8,22,0.569,20.46
57,BB McCullum,110,38,14,0,0.473,20.1
58,A Mishra,162,19,10,26,0.34,20.04
59,MA Agarwal,128,59,2,0,0.477,19.83
60,MA Starc,57,30,4,25,1.035,19.74
61,HV Patel,122,26,9,19,0.443,19.45
62,Shubman Gill,132,57,2,0,0.447,19.2
63,SO Hetmyer,93,50,5,0,0.591,18.71
64,JH Kallis,98,30,6,18,0.551,18.67
65,RK Singh,66,52,3,0,0.833,18.19
66,R Bhatia,95,23,8,19,0.526,17.93
67,K Rabada,101,31,3,20,0.535,17.89
68,Yuvraj Singh,129,29,10,9,0.372,17.8
69,Sandeep Sharma,142,19,5,28,0.366,17.79
70,MM Sharma,120,25,5,22,0.433,17.78
71,N Pooran,103,45,6,0,0.495,17.7
72,DW Steyn,95,22,4,26,0.547,17.52
73,AD Russell,136,36,4,12,0.382,17.51
74,DR Smith,91,41,3,8,0.571,17.25
75,R Parag,92,49,3,0,0.565,17.24
76,Z Khan,99,20,6,22,0.485,16.78
77,R Tewatia,118,47,2,2,0.432,16.66
78,MK Tiwary,94,47,3,0,0.532,16.61
79,JD Unadkat,115,22,7,17,0.4,16.39
80,Ravi Bishnoi,86,27,4,17,0.558,16.25
81,Tilak Varma,68,44,4,0,0.706,16.23
82,V Sehwag,104,34,8,2,0.423,16.01
83,SN Thakur,112,33,4,10,0.42,15.93
84,M Vijay,106,48,1,0,0.462,15.77
85,H Klaasen,61,35,8,0,0.705,15.69
86,RD Gaikwad,85,44,3,0,0.553,15.66
87,JP Faulkner,60,16,8,18,0.7,15.39
88,CV Varun,94,15,4,26,0.479,15.31
89,DPMD Jayawardene,80,33,8,0,0.512,15.06
90,D Padikkal,90,42,3,0,0.5,15.02
91,EJG Morgan,78,36,6,0,0.538,14.85
92,I Sharma,117,20,3,21,0.376,14.73
93,Dhruv Jurel,51,37,5,0,0.824,14.6
94,KK Nair,87,29,9,0,0.437,14.37
95,KM Jadhav,85,31,7,0,0.447,13.85
96,A Nehra,88,17,2,23,0.477,13.84
97,DT Christian,51,28,4,8,0.784,13.71
98,V Shankar,77,35,4,1,0.519,13.7
99,JA Morkel,90,17,5,17,0.433,13.66
100,PD Salt,40,32,6,0,0.95,13.59
101,G Gambhir,152,28,8,0,0.237,13.47
102,KS Williamson,78,40,1,0,0.526,13.24
103,PJ Cummins,80,22,2,16,0.5,13.2
104,Mandeep Singh,103,38,2,0,0.388,13.18
105,JP Duminy,84,30,3,5,0.452,12.81
106,AK Markram,69,39,0,1,0.58,12.66
107,P Kumar,119,13,7,14,0.286,12.6
108,JC Archer,68,16,2,20,0.559,12.57
109,Arshdeep Singh,95,16,4,16,0.379,12.45
110,MP Stoinis,119,26,4,6,0.303,12.44
111,TH David,61,32,4,0,0.59,12.43
112,Shakib Al Hasan,72,13,7,13,0.458,12.28
113,MS Bisla,39,20,10,0,0.769,12.1
114,Abhishek Sharma,92,35,1,1,0.402,11.97
115,YBK Jaiswal,82,32,3,0,0.427,11.86
116,JO Holder,57,22,3,10,0.614,11.86
117,SB Jakati,58,19,4,10,0.569,11.5
118,RA Tripathi,99,34,1,0,0.354,11.34
119,MC Henriques,64,29,1,5,0.547,11.34
120,MM Ali,72,22,2,10,0.472,11.29
121,N Rana,126,29,2,3,0.27,11.28
122,L Balaji,73,9,4,19,0.438,11.19
123,M Morkel,70,11,4,17,0.457,11.18
124,BJ Hodge,64,22,5,4,0.484,11.12
125,DJ Hussey,63,25,5,1,0.492,11.11
126,CH Gayle,141,30,0,5,0.248,11.08
127,SM Curran,64,24,1,9,0.531,11.03
128,PP Ojha,90,14,3,15,0.356,10.92
129,JM Bairstow,52,29,3,0,0.615,10.91
130,AJ Finch,90,29,3,0,0.356,10.91
131,MG Johnson,54,15,4,12,0.574,10.86
132,SK Trivedi,76,12,4,15,0.408,10.86
133,SS Tiwary,77,25,5,0,0.39,10.8
134,Avesh Khan,82,13,2,17,0.39,10.67
135,BA Stokes,45,23,2,7,0.711,10.66
136,DS Kulkarni,92,18,2,12,0.348,10.66
137,T Natarajan,73,10,4,16,0.411,10.55
138,STR Binny,88,19,5,5,0.33,10.49
139,M Jansen,47,26,0,7,0.702,10.45
140,Abdul Samad,65,33,0,0,0.508,10.44
141,R Dravid,88,18,8,0,0.295,10.31
142,SP Goswami,29,18,8,0,0.897,10.31
143,M Muralitharan,66,14,3,13,0.455,10.29
144,M Prasidh Krishna,78,18,2,10,0.385,10.02
145,KV Sharma,89,18,2,10,0.337,10.02
146,Kuldeep Yadav,110,14,3,12,0.264,9.97
147,SE Marsh,71,26,3,0,0.408,9.96
148,HH Gibbs,36,22,5,0,0.75,9.85
149,LR Shukla,46,15,6,5,0.565,9.8
150,DL Chahar,103,14,1,15,0.291,9.77
151,TG Southee,54,21,2,6,0.537,9.7
152,P Negi,49,16,5,5,0.531,9.54
153,AB Dinda,76,7,5,14,0.342,9.54
154,RD Chahar,80,21,0,9,0.375,9.5
155,NLTC Perera,38,13,6,6,0.658,9.48
156,M Shahrukh Khan,57,28,1,0,0.509,9.44
157,LH Ferguson,52,9,4,13,0.5,9.28
158,CL White,47,22,4,0,0.553,9.27
159,AD Mathews,46,19,2,6,0.587,9.07
160,J Botha,34,16,3,7,0.765,9.02
161,VR Iyer,63,23,3,0,0.413,9.01
162,SR Tendulkar,78,23,3,0,0.333,9.01
163,S Dube,88,27,0,1,0.318,8.86
164,A Nortje,49,10,1,16,0.551,8.82
165,SC Ganguly,57,22,1,4,0.474,8.81
166,MEK Hussey,58,26,1,0,0.466,8.81
167,MM Patel,63,12,2,12,0.413,8.76
168,M Kartik,56,18,3,4,0.446,8.7
169,TM Dilshan,52,21,3,1,0.481,8.69
170,S Nadeem,71,11,4,9,0.338,8.64
171,RD Rickelton,26,20,4,0,0.923,8.64
172,R Powell,39,26,0,1,0.692,8.55
173,LS Livingstone,51,25,0,2,0.529,8.54
174,MV Boucher,30,14,7,0,0.7,8.47
175,Nithish Kumar Reddy,42,22,2,1,0.595,8.43
176,KK Cooper,25,11,3,10,0.96,8.38
177,Iqbal Abdulla,48,12,5,5,0.458,8.27
178,RJ Harris,37,18,0,8,0.703,8.24
179,Harpreet Brar,49,15,0,11,0.531,8.24
180,K Gowtham,41,21,0,5,0.634,8.23
181,Noor Ahmad,51,12,1,12,0.49,8.18
182,Washington Sundar,81,20,1,4,0.309,8.18
183,Naman Dhir,36,24,1,0,0.694,8.17
184,T Stubbs,45,24,1,0,0.556,8.17
185,Shahbaz Ahmed,60,20,2,2,0.4,8.12
186,J Suchith,28,17,3,3,0.821,8.06
187,DL Vettori,34,11,4,7,0.647,8.01
188,S Badrinath,73,16,5,0,0.288,7.95
189,B Lee,38,8,6,6,0.526,7.9
190,Shivam Mavi,34,17,1,6,0.706,7.86
191,Mohammad Nabi,24,18,2,3,0.958,7.8
192,Ramandeep Singh,34,21,2,0,0.676,7.8
193,Lalit Yadav,28,18,2,3,0.821,7.8
194,C Green,43,18,3,1,0.512,7.74
195,Imran Tahir,59,8,0,16,0.407,7.61
196,D Brevis,28,22,1,0,0.821,7.54
197,A Symonds,36,20,1,2,0.639,7.54
198,CJ Jordan,36,14,2,6,0.611,7.49
199,A Badoni,60,18,2,2,0.367,7.48
200,M Manhas,41,20,2,0,0.537,7.48
201,R Dhawan,41,13,3,5,0.512,7.43
202,Mukesh Kumar,42,7,4,9,0.476,7.38
203,GJ Bailey,39,12,6,0,0.462,7.26
204,Gurkeerat Singh,38,20,1,1,0.579,7.22
205,AS Roy,31,17,2,2,0.677,7.17
206,SK Warne,55,11,3,6,0.364,7.12
207,MJ Santner,36,14,3,3,0.556,7.11
208,R Sathish,31,8,7,1,0.516,6.89
209,NM Coulter-Nile,38,10,2,8,0.526,6.86
210,Anuj Rawat,24,18,2,0,0.833,6.85
211,SN Khan,50,16,3,0,0.38,6.8
212,VG Arora,42,11,3,5,0.452,6.8
213,DJG Sammy,22,9,4,5,0.818,6.74
214,DH Yagnik,23,12,5,0,0.739,6.68
215,SW Billings,28,19,1,0,0.714,6.59
216,A Manohar,24,17,2,0,0.792,6.54
217,S Kaul,55,8,0,12,0.364,6.34
218,M Pathirana,33,9,0,11,0.606,6.34
219,RM Patidar,52,20,0,0,0.385,6.33
220,R Sharma,44,10,1,8,0.432,6.28
221,Shashank Singh,45,18,1,0,0.422,6.27
222,LRPL Taylor,55,18,1,0,0.345,6.27
223,MS Gony,44,4,2,12,0.409,6.23
224,Y Venugopal Rao,58,13,3,1,0.293,6.16
225,TL Suman,43,10,5,0,0.349,6.05
226,MR Marsh,68,15,1,2,0.265,5.96
227,PJ Sangwan,43,8,3,5,0.372,5.85
228,AA Jhunjhunwala,21,10,4,1,0.714,5.79
229,PP Shaw,79,18,0,0,0.228,5.7
230,M Kaif,27,16,1,0,0.63,5.64
231,Yash Dayal,43,8,2,6,0.372,5.59
232,Umran Malik,26,4,2,10,0.615,5.59
233,A Ashish Reddy,28,8,2,6,0.571,5.59
234,AM Nayar,51,13,2,1,0.314,5.59
235,B Sai Sudharsan,57,14,2,0,0.281,5.58
236,M Markande,40,8,0,9,0.425,5.39
237,A Kumble,42,9,0,8,0.405,5.39
238,WD Parnell,34,10,1,5,0.471,5.33
239,A Kamboj,25,6,1,9,0.64,5.33
240,TU Deshpande,53,10,1,5,0.302,5.33
241,M Theekshana,38,4,2,9,0.395,5.28
242,Prince Yadav,20,5,2,8,0.75,5.28
243,KP Pietersen,36,12,2,1,0.417,5.27
244,BCJ Cutting,21,10,2,3,0.714,5.27
245,DP Nannes,29,8,2,5,0.517,5.27
246,ML Hayden,32,11,3,0,0.438,5.21
247,Harshit Rana,32,11,0,5,0.5,5.07
248,Mustafizur Rahman,60,5,0,11,0.267,5.07
249,DE Bollinger,27,6,1,8,0.556,5.02
250,N Wadhera,38,14,1,0,0.395,5.01
251,KK Ahmed,76,5,2,7,0.184,4.96
252,PWH de Silva,37,3,3,7,0.351,4.9
253,ST Jayasuriya,30,4,5,2,0.367,4.78
254,M Ashwin,44,7,0,8,0.341,4.76
255,S Aravind,38,5,1,8,0.368,4.7
256,M Vohra,53,13,1,0,0.264,4.69
257,P Simran Singh,66,13,1,0,0.212,4.69
258,RE van der Merwe,21,6,2,5,0.619,4.64
259,DB Ravi Teja,28,11,2,0,0.464,4.64
260,Bipul Sharma,30,7,3,2,0.4,4.58
261,AB Agarkar,42,4,3,5,0.286,4.58
262,Harmeet Singh,27,3,3,6,0.444,4.58
263,Abishek Porel,33,9,3,0,0.364,4.58
264,E Malinga,22,5,4,2,0.5,4.52
265,Y Nagar,23,7,4,0,0.478,4.52
266,WG Jacks,28,11,1,1,0.464,4.37
267,JR Hazlewood,52,8,0,5,0.25,4.12
268,Suyash Sharma,39,2,1,9,0.308,4.07
269,LMP Simmons,29,10,1,1,0.414,4.06
270,A Raghuvanshi,31,11,1,0,0.387,4.06
271,P Awana,33,4,1,7,0.364,4.06
272,Aniket Verma,22,11,1,0,0.545,4.06
273,Anureet Singh,22,5,1,6,0.545,4.06
274,VR Aaron,50,3,2,6,0.22,4.01
275,AS Joseph,22,3,2,6,0.5,4.01
276,MF Maharoof,20,4,2,5,0.55,4.01
277,RN ten Doeschate,26,7,3,0,0.385,3.95
278,JD Ryder,29,10,0,2,0.414,3.8
279,MK Lomror,41,12,0,0,0.293,3.8
280,AJ Tye,30,7,0,5,0.4,3.8
281,Rasikh Salam,25,5,0,7,0.48,3.8
282,CA Lynn,42,12,0,0,0.286,3.8
283,MJ McClenaghan,56,1,1,9,0.196,3.75
284,SW Tait,21,5,1,5,0.524,3.74
285,DP Conway,28,10,1,0,0.393,3.74
286,AS Raut,22,10,1,0,0.5,3.74
287,Azhar Mahmood,23,7,1,3,0.478,3.74
288,Mukesh Choudhary,24,5,1,5,0.458,3.74
289,Vijaykumar Vyshak,25,6,2,2,0.4,3.69
290,CR Woakes,21,6,0,5,0.524,3.49
291,DS Rathi,23,7,0,4,0.478,3.48
292,CJ Anderson,30,11,0,0,0.367,3.48
293,PK Garg,22,11,0,0,0.5,3.48
294,GB Hogg,21,4,1,5,0.476,3.43
295,K Goel,20,9,1,0,0.5,3.43
296,Sameer Rizvi,22,9,1,0,0.455,3.43
297,DB Das,24,7,2,0,0.375,3.37
298,IC Pandey,24,6,0,4,0.417,3.17
299,S Sreesanth,44,3,0,7,0.227,3.17
300,S Gopal,51,5,0,5,0.196,3.17
301,RR Powar,27,5,0,5,0.37,3.17
302,Priyansh Arya,31,10,0,0,0.323,3.16
303,RR Rossouw,23,10,0,0,0.435,3.16
304,R Sai Kishore,27,8,0,2,0.37,3.16
305,JJ Roy,21,10,0,0,0.476,3.16
306,R Shepherd,32,7,1,1,0.281,3.11
307,Kartik Tyagi,33,6,1,2,0.273,3.11
308,Basil Thampi,25,4,1,4,0.36,3.11
309,GH Vihari,23,6,2,0,0.348,3.06
310,BB Sran,24,4,2,2,0.333,3.05
311,Arshad Khan,25,8,0,1,0.36,2.85
312,E Lewis,27,9,0,0,0.333,2.85
313,J Yadav,22,7,0,2,0.409,2.85
314,UBT Chand,22,9,0,0,0.409,2.85
315,L Ngidi,27,1,1,6,0.296,2.8
316,Yash Thakur,22,2,1,5,0.364,2.8
317,OA Shah,23,7,1,0,0.348,2.79
318,C Sakariya,20,6,0,2,0.4,2.53
319,SA Asnodkar,20,6,1,0,0.35,2.48
320,C de Grandhomme,25,6,1,0,0.28,2.48
321,AS Rajpoot,29,3,1,3,0.241,2.48
322,GC Smith,29,7,0,0,0.241,2.22
323,SE Rutherford,28,7,0,0,0.25,2.22
324,Mohsin Khan,30,4,0,3,0.233,2.22
325,A Singh,23,1,0,6,0.304,2.22
326,CA Pujara,23,6,0,0,0.261,1.9
327,RS Bopara,24,4,0,2,0.25,1.9
328,Ashutosh Sharma,28,6,0,0,0.214,1.9
329,TM Head,52,6,0,0,0.115,1.9
330,Mujeeb Ur Rahman,20,2,0,4,0.3,1.9
331,Ankit Sharma,21,4,0,2,0.286,1.9
332,JR Hopes,20,5,0,1,0.3,1.9
333,PVD Chameera,20,3,1,1,0.25,1.84
334,VVS Laxman,20,4,1,0,0.25,1.84
335,PC Valthaty,23,3,0,1,0.174,1.27
336,PV Tambe,33,1,0,3,0.121,1.27
337,AL Menaria,26,4,0,0,0.154,1.26
338,B Chipli,22,4,0,0,0.182,1.26
339,NA Saini,28,0,0,3,0.107,0.95
340,A Zampa,22,1,0,2,0.136,0.95
341,AP Tare,31,3,0,0,0.097,0.95
342,V Suryavanshi,23,2,0,0,0.087,0.64
343,S Sohal,20,2,0,0,0.1,0.64
